Visitor ID,Visitor: Last Visit,Number of Days Active,Number of Events,Visitor: Most recent browser name
"	+16155991772",2025-10-30 20:06:04,9,967,Chrome
"	+13182081034",2025-10-30 19:44:47,15,2131,Chrome
"	+16155848598",2025-10-30 19:20:01,20,4065,Chrome
"	+18282732188",2025-10-30 14:17:43,1,39,Safari
"	+16158041229",2025-10-27 18:36:11,3,152,Safari
"	+16158042433",2025-10-27 01:06:23,5,192,Safari
"	+16159274575",2025-10-25 02:39:46,3,29,Safari
"	+16154207284",2025-10-22 12:35:43,2,46,Chrome
54,2025-10-21 14:22:19,9,125,Chrome
"	+13107026460",2025-10-19 10:16:56,3,70,Safari
anonymous-1760760749012,2025-10-18 00:12:29,1,2,Safari
anonymous-1760649993925,2025-10-17 20:46:04,1,3,Webkit
anonymous-1760648196377,2025-10-17 20:46:03,1,5,Webkit
"	+18034876918",2025-10-17 19:37:55,1,8,Safari
anonymous-1760673752632,2025-10-17 00:02:33,1,3,Safari
anonymous-1760666432737,2025-10-16 22:00:32,1,4,Chrome
anonymous-1760666427238,2025-10-16 22:00:27,1,3,Chrome
anonymous-1760666396813,2025-10-16 21:59:56,1,3,Chrome
anonymous-1760666149466,2025-10-16 21:55:49,1,3,Chrome
anonymous-1760666141131,2025-10-16 21:55:41,1,3,Webkit
anonymous-1760665801190,2025-10-16 21:50:01,1,3,Webkit
anonymous-1760665654307,2025-10-16 21:47:34,1,3,Chrome
anonymous-1760664547551,2025-10-16 21:29:07,1,3,Webkit
anonymous-1760664513959,2025-10-16 21:28:34,1,2,Safari
anonymous-1760664450546,2025-10-16 21:27:30,1,14,Safari
anonymous-1760664447826,2025-10-16 21:27:27,1,2,Safari
anonymous-1760662717257,2025-10-16 20:58:37,1,4,Chrome
anonymous-1760662712868,2025-10-16 20:58:33,1,3,Chrome
anonymous-1760662552999,2025-10-16 20:55:53,1,2,Chrome
anonymous-1760662531352,2025-10-16 20:55:31,1,12,Chrome
anonymous-1760661134602,2025-10-16 20:32:15,1,3,Chrome
anonymous-1760660946367,2025-10-16 20:29:06,1,3,Chrome
anonymous-1760660772987,2025-10-16 20:26:13,1,4,Chrome
anonymous-1760660768706,2025-10-16 20:26:09,1,3,Chrome
anonymous-1760660514165,2025-10-16 20:21:54,1,3,Chrome
anonymous-1760657867557,2025-10-16 19:37:47,1,4,Chrome
anonymous-1760657862368,2025-10-16 19:37:42,1,3,Chrome
anonymous-1760655312334,2025-10-16 18:55:12,1,2,Chrome
anonymous-1760655247644,2025-10-16 18:54:07,1,2,Chrome
anonymous-1760655198322,2025-10-16 18:53:18,1,2,Chrome
anonymous-1760653475615,2025-10-16 18:50:34,1,14,Chrome
anonymous-1760654268694,2025-10-16 18:37:49,1,2,Chrome
anonymous-1760654245880,2025-10-16 18:37:26,1,2,Chrome
anonymous-1760653965206,2025-10-16 18:32:45,1,2,Chrome
anonymous-1760653943735,2025-10-16 18:32:23,1,2,Chrome
anonymous-1760653835922,2025-10-16 18:31:49,1,21,Chrome
anonymous-1760653830325,2025-10-16 18:30:30,1,3,Chrome
anonymous-1760652644947,2025-10-16 18:10:45,1,2,Chrome
anonymous-1760652514879,2025-10-16 18:08:36,1,14,Chrome
anonymous-1760651519600,2025-10-16 17:51:59,1,2,Chrome
anonymous-1760651479512,2025-10-16 17:51:19,1,15,Chrome
anonymous-1760651324082,2025-10-16 17:48:44,1,4,Chrome
anonymous-1760651319366,2025-10-16 17:48:39,1,3,Chrome
anonymous-1760651316300,2025-10-16 17:48:36,1,2,Chrome
anonymous-1760651054695,2025-10-16 17:44:15,1,15,Chrome
anonymous-1760651042048,2025-10-16 17:44:02,1,3,Safari
anonymous-1760650395074,2025-10-16 17:33:15,1,3,Chrome
anonymous-1760650123337,2025-10-16 17:28:43,1,14,Safari
anonymous-1760650120113,2025-10-16 17:28:40,1,2,Safari
anonymous-1760650110301,2025-10-16 17:28:30,1,3,Safari
anonymous-1760648158499,2025-10-16 16:56:20,1,13,Chrome
anonymous-1760647344276,2025-10-16 16:42:24,1,14,Chrome
anonymous-1760647257982,2025-10-16 16:40:58,1,3,Chrome
anonymous-1760647246735,2025-10-16 16:40:46,1,4,Chrome
anonymous-1760647242240,2025-10-16 16:40:42,1,3,Chrome
anonymous-1760647002045,2025-10-16 16:37:22,1,12,Chrome
anonymous-1760645382278,2025-10-16 16:09:42,1,4,Chrome
anonymous-1760645363950,2025-10-16 16:09:24,1,3,Chrome
anonymous-1760645042610,2025-10-16 16:04:02,1,3,Chrome
anonymous-1760644820171,2025-10-16 16:00:20,1,3,Chrome
anonymous-1760644638136,2025-10-16 15:57:18,1,3,Chrome
anonymous-1760644565878,2025-10-16 15:56:06,1,4,Chrome
anonymous-1760644562119,2025-10-16 15:56:02,1,3,Chrome
anonymous-1760640394922,2025-10-16 14:46:35,1,3,Chrome
anonymous-1760640143143,2025-10-16 14:42:23,1,2,Chrome
anonymous-1760640108576,2025-10-16 14:41:48,1,2,Chrome
anonymous-1760639993092,2025-10-16 14:40:15,1,14,Chrome
anonymous-1760639964958,2025-10-16 14:39:25,1,2,Chrome
anonymous-1760639417326,2025-10-16 14:30:17,1,13,Safari
anonymous-1760639414078,2025-10-16 14:30:14,1,2,Safari
anonymous-1760639412690,2025-10-16 14:30:12,1,3,Safari
anonymous-1760639159894,2025-10-16 14:26:00,1,2,Chrome
anonymous-1760639096389,2025-10-16 14:24:56,1,2,Chrome
anonymous-1760638812651,2025-10-16 14:20:12,1,2,Chrome
anonymous-1760638285516,2025-10-16 14:11:25,1,15,Chrome
anonymous-1760635772346,2025-10-16 13:29:32,1,20,Chrome
anonymous-1760631604341,2025-10-16 12:20:04,1,3,Chrome
anonymous-1760626374070,2025-10-16 10:52:54,1,2,Chrome
anonymous-1760626332709,2025-10-16 10:52:12,1,2,Chrome
anonymous-1760626290818,2025-10-16 10:51:30,1,15,Chrome
anonymous-1760626289254,2025-10-16 10:51:29,1,2,Chrome
anonymous-1760625923672,2025-10-16 10:45:23,1,2,Chrome
anonymous-1760625890913,2025-10-16 10:44:51,1,2,Chrome
anonymous-1760625836786,2025-10-16 10:43:56,1,2,Chrome
anonymous-1760625819770,2025-10-16 10:43:39,1,2,Chrome
anonymous-1760625677234,2025-10-16 10:41:17,1,2,Chrome
anonymous-1760625605613,2025-10-16 10:40:05,1,2,Chrome
anonymous-1760584779061,2025-10-15 23:19:39,1,2,Safari
anonymous-1760584213108,2025-10-15 23:10:13,1,2,Safari
anonymous-1760504004326,2025-10-15 00:53:24,1,3,Safari
anonymous-1760472594370,2025-10-14 16:10:04,1,14,Safari
22,2025-10-14 10:03:29,13,449,Chrome
anonymous-1760449429841,2025-10-14 09:43:50,1,2,Safari
anonymous-1760418064694,2025-10-14 01:01:04,1,2,Safari
anonymous-1760417963635,2025-10-14 00:59:23,1,2,Safari
anonymous-1760417386998,2025-10-14 00:49:47,1,15,Safari
anonymous-1760413628126,2025-10-13 23:47:08,1,4,Opera
anonymous-1760398070998,2025-10-13 19:28:07,1,17,Chrome
anonymous-1760385906381,2025-10-13 16:05:06,1,2,Chrome
anonymous-1760384282931,2025-10-13 15:38:03,1,2,Webkit
anonymous-1760384226815,2025-10-13 15:37:07,1,3,Webkit
anonymous-1760384226864,2025-10-13 15:37:06,1,2,Webkit
anonymous-1760384140579,2025-10-13 15:35:40,1,3,Webkit
"	+14586663091",2025-10-13 15:35:07,1,6,Safari
anonymous-1760384071141,2025-10-13 15:35:06,1,13,Safari
anonymous-1760383929589,2025-10-13 15:32:09,1,9,Safari
anonymous-1760383907455,2025-10-13 15:31:47,1,2,Safari
anonymous-1760383701103,2025-10-13 15:28:21,1,3,Webkit
anonymous-1760383548014,2025-10-13 15:25:48,1,3,Webkit
anonymous-1760383269872,2025-10-13 15:21:10,1,3,Webkit
anonymous-1760383269874,2025-10-13 15:21:10,1,3,Webkit
anonymous-1760383204599,2025-10-13 15:20:04,1,2,Safari
anonymous-1760383043448,2025-10-13 15:17:23,1,3,Webkit
anonymous-1760377651134,2025-10-13 13:47:31,1,3,Chrome
anonymous-1760377360933,2025-10-13 13:42:41,1,3,Chrome
anonymous-1760376661004,2025-10-13 13:31:01,1,3,Chrome
anonymous-1760376113249,2025-10-13 13:21:53,1,3,Chrome
anonymous-1760375813608,2025-10-13 13:16:53,1,3,Chrome
anonymous-1760375563265,2025-10-13 13:12:43,1,4,Chrome
anonymous-1760375558225,2025-10-13 13:12:38,1,3,Chrome
anonymous-1760374600400,2025-10-13 12:56:40,1,3,Chrome
anonymous-1760368639161,2025-10-13 11:17:19,1,2,Safari
anonymous-1760327120083,2025-10-12 23:45:20,1,2,Safari
anonymous-1760303945995,2025-10-12 17:19:06,1,2,Safari
anonymous-1760299162468,2025-10-12 15:59:22,1,2,Safari
anonymous-1760299138023,2025-10-12 15:58:58,1,2,Safari
anonymous-1760299134889,2025-10-12 15:58:55,1,2,Safari
anonymous-1760299133711,2025-10-12 15:58:53,1,2,Safari
anonymous-1760290357918,2025-10-12 13:32:38,1,2,Safari
anonymous-1760281625576,2025-10-12 11:07:05,1,2,Chrome
anonymous-1760281109944,2025-10-12 10:58:30,1,2,Chrome
anonymous-1760280473117,2025-10-12 10:47:53,1,2,Chrome
anonymous-1760280185438,2025-10-12 10:43:05,1,2,Chrome
anonymous-1760245896241,2025-10-12 01:11:36,1,2,Safari
anonymous-1760244414267,2025-10-12 00:47:02,1,15,Safari
anonymous-1760243867777,2025-10-12 00:37:47,1,3,Safari
anonymous-1760229910490,2025-10-11 20:45:10,1,2,Safari
anonymous-1760229797054,2025-10-11 20:43:17,1,2,Safari
anonymous-1760223764741,2025-10-11 19:02:44,1,2,Chrome
anonymous-1760216526952,2025-10-11 17:02:07,1,16,Safari
anonymous-1760215524138,2025-10-11 16:45:24,1,14,Safari
anonymous-1760215520934,2025-10-11 16:45:21,1,2,Safari
anonymous-1760215498797,2025-10-11 16:44:58,1,2,Safari
anonymous-1760215477819,2025-10-11 16:44:38,1,2,Safari
anonymous-1760215463563,2025-10-11 16:44:23,1,15,Safari
anonymous-1760215438724,2025-10-11 16:44:00,1,2,Webkit
anonymous-1760215438640,2025-10-11 16:44:00,1,3,Webkit
anonymous-1760215282578,2025-10-11 16:41:22,1,2,Chrome
anonymous-1760215231456,2025-10-11 16:40:31,1,12,Chrome
anonymous-1760215045980,2025-10-11 16:38:39,1,22,Chrome
anonymous-1760214999415,2025-10-11 16:36:39,1,3,Chrome
anonymous-1760214682948,2025-10-11 16:31:23,1,2,Chrome
anonymous-1760214634502,2025-10-11 16:30:34,1,20,Chrome
anonymous-1760214448862,2025-10-11 16:27:28,1,4,Chrome
anonymous-1760214443707,2025-10-11 16:27:24,1,3,Chrome
anonymous-1760214271127,2025-10-11 16:24:31,1,2,Chrome
anonymous-1760213658614,2025-10-11 16:14:18,1,2,Chrome
anonymous-1760213421321,2025-10-11 16:10:21,1,2,Chrome
anonymous-1760213267269,2025-10-11 16:07:47,1,2,Chrome
anonymous-1760213233782,2025-10-11 16:07:13,1,2,Chrome
anonymous-1760213218283,2025-10-11 16:06:58,1,2,Chrome
anonymous-1760212741104,2025-10-11 16:06:11,1,13,Chrome
anonymous-1760211526029,2025-10-11 15:38:46,1,3,Chrome
anonymous-1760209017969,2025-10-11 14:56:58,1,3,Webkit
anonymous-1760209017887,2025-10-11 14:56:58,1,3,Webkit
anonymous-1760207557606,2025-10-11 14:32:37,1,4,Chrome
anonymous-1760207552573,2025-10-11 14:32:32,1,3,Chrome
anonymous-1760207299327,2025-10-11 14:28:19,1,3,Chrome
anonymous-1760206462472,2025-10-11 14:14:22,1,3,Chrome
anonymous-1760206231950,2025-10-11 14:10:32,1,4,Chrome
anonymous-1760206227626,2025-10-11 14:10:27,1,3,Chrome
anonymous-1760205413077,2025-10-11 13:56:53,1,3,Chrome
anonymous-1760204477940,2025-10-11 13:41:18,1,14,Safari
anonymous-1760203541713,2025-10-11 13:25:41,1,2,Chrome
anonymous-1760202852784,2025-10-11 13:14:13,1,2,Chrome
anonymous-1760202850680,2025-10-11 13:14:10,1,2,Chrome
anonymous-1760201967551,2025-10-11 12:59:27,1,2,Chrome
anonymous-1760201556562,2025-10-11 12:52:36,1,2,Chrome
anonymous-1760196992442,2025-10-11 11:36:32,1,2,Chrome
anonymous-1760196972170,2025-10-11 11:36:12,1,2,Chrome
anonymous-1760196851867,2025-10-11 11:34:12,1,2,Chrome
anonymous-1760196139030,2025-10-11 11:22:19,1,2,Chrome
anonymous-1760195966682,2025-10-11 11:19:26,1,2,Chrome
anonymous-1760195189382,2025-10-11 11:06:29,1,2,Chrome
anonymous-1760194937329,2025-10-11 11:02:17,1,2,Chrome
anonymous-1760194664876,2025-10-11 10:57:45,1,3,Chrome
anonymous-1760194570830,2025-10-11 10:56:11,1,2,Chrome
anonymous-1760194556420,2025-10-11 10:55:56,1,2,Chrome
anonymous-1760193773927,2025-10-11 10:42:54,1,2,Chrome
anonymous-1760193670347,2025-10-11 10:41:10,1,2,Chrome
anonymous-1760193593915,2025-10-11 10:40:06,1,16,Chrome
anonymous-1760193586355,2025-10-11 10:39:46,1,2,Chrome
anonymous-1760193568642,2025-10-11 10:39:29,1,2,Chrome
anonymous-1760152892640,2025-10-10 23:21:32,1,3,Safari
anonymous-1760152384094,2025-10-10 23:13:04,1,2,Chrome
anonymous-1760152362522,2025-10-10 23:12:42,1,2,Chrome
anonymous-1760151744786,2025-10-10 23:02:24,1,2,Chrome
anonymous-1760151674326,2025-10-10 23:01:14,1,2,Chrome
anonymous-1760151644331,2025-10-10 23:00:44,1,18,Chrome
anonymous-1760151586078,2025-10-10 22:59:46,1,2,Chrome
anonymous-1760151566162,2025-10-10 22:59:26,1,16,Chrome
anonymous-1760150937211,2025-10-10 22:48:57,1,3,Safari
anonymous-1760150876861,2025-10-10 22:47:57,1,4,Safari
anonymous-1760149223409,2025-10-10 22:20:23,1,4,Safari
anonymous-1760148488846,2025-10-10 22:08:09,1,15,Safari
anonymous-1760148253064,2025-10-10 22:04:13,1,4,Chrome
anonymous-1760148249943,2025-10-10 22:04:10,1,3,Webkit
anonymous-1760148249973,2025-10-10 22:04:10,1,2,Webkit
anonymous-1760147994493,2025-10-10 21:59:54,1,3,Webkit
anonymous-1760147994453,2025-10-10 21:59:54,1,2,Webkit
anonymous-1760147894527,2025-10-10 21:58:14,1,15,Safari
anonymous-1760147584195,2025-10-10 21:53:04,1,16,Safari
anonymous-1760147558129,2025-10-10 21:52:38,1,3,Webkit
anonymous-1760147558070,2025-10-10 21:52:38,1,2,Webkit
anonymous-1760147433214,2025-10-10 21:50:33,1,2,Webkit
anonymous-1760147433162,2025-10-10 21:50:33,1,3,Webkit
anonymous-1760147226337,2025-10-10 21:47:06,1,3,Webkit
anonymous-1760147226342,2025-10-10 21:47:06,1,2,Webkit
anonymous-1760146496512,2025-10-10 21:34:56,1,2,Webkit
anonymous-1760146496439,2025-10-10 21:34:56,1,3,Webkit
anonymous-1760146114229,2025-10-10 21:28:34,1,3,Webkit
anonymous-1760145815914,2025-10-10 21:23:35,1,4,Chrome
anonymous-1760145812308,2025-10-10 21:23:32,1,3,Webkit
anonymous-1760145812329,2025-10-10 21:23:32,1,2,Webkit
anonymous-1760145454734,2025-10-10 21:17:35,1,4,Webkit
anonymous-1760145454727,2025-10-10 21:17:35,1,3,Webkit
34,2025-10-10 21:16:18,8,701,Chrome
anonymous-1760145369946,2025-10-10 21:16:10,1,2,Safari
anonymous-1760145367129,2025-10-10 21:16:07,1,2,Safari
anonymous-1760143614693,2025-10-10 20:47:19,1,23,Safari
anonymous-1760143613600,2025-10-10 20:46:53,1,2,Safari
anonymous-1760143609221,2025-10-10 20:46:49,1,4,Safari
anonymous-1760143357107,2025-10-10 20:42:37,1,16,Safari
anonymous-1760142719655,2025-10-10 20:31:59,1,2,Safari
anonymous-1760142702403,2025-10-10 20:31:42,1,15,Safari
7,2025-10-10 19:33:38,4,27,Safari
anonymous-1760139171773,2025-10-10 19:33:28,1,24,Safari
anonymous-1760138763420,2025-10-10 19:26:04,1,2,Chrome
anonymous-1760138659040,2025-10-10 19:24:19,1,2,Chrome
anonymous-1760138435394,2025-10-10 19:20:35,1,2,Chrome
anonymous-1760137091412,2025-10-10 19:19:19,1,13,Chrome
anonymous-1760137629371,2025-10-10 19:07:10,1,13,Chrome
anonymous-1760137095631,2025-10-10 18:58:15,1,4,Chrome
anonymous-1760136771331,2025-10-10 18:52:51,1,3,Chrome
anonymous-1760136138793,2025-10-10 18:42:19,1,3,Chrome
anonymous-1760135846611,2025-10-10 18:37:26,1,4,Chrome
anonymous-1760135841651,2025-10-10 18:37:22,1,4,Chrome
anonymous-1760134577126,2025-10-10 18:16:17,1,3,Safari
anonymous-1760134184979,2025-10-10 18:09:45,1,3,Chrome
anonymous-1760130614945,2025-10-10 17:10:15,1,2,Chrome
anonymous-1760129398992,2025-10-10 16:49:59,1,2,Chrome
anonymous-1760129364394,2025-10-10 16:49:24,1,2,Chrome
anonymous-1760128815184,2025-10-10 16:40:16,1,3,Chrome
anonymous-1760124937412,2025-10-10 15:35:37,1,2,Chrome
anonymous-1760124344263,2025-10-10 15:25:44,1,2,Chrome
anonymous-1760124335147,2025-10-10 15:25:35,1,2,Chrome
anonymous-1760110458948,2025-10-10 11:42:11,1,16,Chrome
anonymous-1760109799588,2025-10-10 11:23:20,1,2,Safari
anonymous-1760108962101,2025-10-10 11:09:26,1,4,Chrome
anonymous-1760108917086,2025-10-10 11:08:37,1,15,Chrome
anonymous-1760108638439,2025-10-10 11:04:10,1,15,Chrome
anonymous-1760108513381,2025-10-10 11:01:53,1,3,Chrome
anonymous-1760108227654,2025-10-10 10:57:08,1,3,Chrome
anonymous-1760107420562,2025-10-10 10:43:40,1,2,Chrome
anonymous-1760106596796,2025-10-10 10:29:57,1,2,Chrome
anonymous-1760105590053,2025-10-10 10:13:10,1,2,Chrome
anonymous-1760105529504,2025-10-10 10:12:09,1,2,Chrome
anonymous-1760105450165,2025-10-10 10:10:50,1,2,Chrome
anonymous-1760105419442,2025-10-10 10:10:19,1,15,Chrome
anonymous-1760078338700,2025-10-10 02:38:58,1,2,Safari
anonymous-1759997507870,2025-10-09 22:11:13,1,3,Webkit
anonymous-1759995515660,2025-10-09 22:11:09,1,3,Webkit
31,2025-10-09 22:07:34,3,771,Chrome
anonymous-1760060826868,2025-10-09 21:58:58,1,14,Chrome
anonymous-1760060438774,2025-10-09 21:40:39,1,3,Chrome
anonymous-1760058773872,2025-10-09 21:12:53,1,4,Chrome
anonymous-1760058434060,2025-10-09 21:07:14,1,12,Chrome
anonymous-1760058430334,2025-10-09 21:07:10,1,3,Chrome
anonymous-1760057386265,2025-10-09 20:49:46,1,2,Chrome
anonymous-1760056961424,2025-10-09 20:42:41,1,2,Chrome
anonymous-1760056612898,2025-10-09 20:36:53,1,2,Chrome
anonymous-1760056364947,2025-10-09 20:32:45,1,2,Chrome
anonymous-1760056063224,2025-10-09 20:28:24,1,13,Chrome
anonymous-1760055725219,2025-10-09 20:23:08,1,13,Chrome
anonymous-1760055559544,2025-10-09 20:19:19,1,2,Chrome
anonymous-1760055442239,2025-10-09 20:17:22,1,2,Chrome
anonymous-1760055256273,2025-10-09 20:14:16,1,2,Chrome
anonymous-1760055139229,2025-10-09 20:13:25,1,15,Chrome
anonymous-1760055139163,2025-10-09 20:12:19,1,3,Chrome
anonymous-1760054876082,2025-10-09 20:08:09,1,12,Chrome
anonymous-1760054878182,2025-10-09 20:07:58,1,3,Chrome
anonymous-1760054875490,2025-10-09 20:07:55,1,4,Chrome
anonymous-1760054243356,2025-10-09 20:04:43,1,7,Chrome
anonymous-1760054213790,2025-10-09 19:56:54,1,4,Chrome
anonymous-1760053194213,2025-10-09 19:39:54,1,3,Chrome
anonymous-1760053052550,2025-10-09 19:37:32,1,3,Chrome
anonymous-1760051933894,2025-10-09 19:18:54,1,3,Chrome
anonymous-1760049418641,2025-10-09 18:37:32,1,13,Chrome
anonymous-1760047716621,2025-10-09 18:08:37,1,4,Chrome
anonymous-1760042957150,2025-10-09 16:49:17,1,2,Chrome
anonymous-1760042600063,2025-10-09 16:43:20,1,2,Chrome
anonymous-1760041917634,2025-10-09 16:31:57,1,2,Chrome
anonymous-1760041543559,2025-10-09 16:25:43,1,2,Chrome
anonymous-1760041351025,2025-10-09 16:22:31,1,2,Chrome
anonymous-1760041332763,2025-10-09 16:22:13,1,2,Chrome
anonymous-1760041321544,2025-10-09 16:22:01,1,3,Chrome
anonymous-1760041319142,2025-10-09 16:22:01,1,4,Chrome
anonymous-1760041312038,2025-10-09 16:21:52,1,2,Chrome
anonymous-1760041136434,2025-10-09 16:18:56,1,8,Chrome
anonymous-1760041076551,2025-10-09 16:17:56,1,2,Chrome
anonymous-1760041037953,2025-10-09 16:17:18,1,2,Chrome
anonymous-1760040992579,2025-10-09 16:16:32,1,2,Chrome
anonymous-1760040643169,2025-10-09 16:10:43,1,2,Chrome
anonymous-1760040638656,2025-10-09 16:10:38,1,2,Chrome
46,2025-10-09 16:08:03,8,128,Safari
anonymous-1760040464302,2025-10-09 16:07:44,1,15,Safari
anonymous-1760040336870,2025-10-09 16:05:37,1,2,Chrome
anonymous-1760036780388,2025-10-09 15:06:20,1,2,Chrome
anonymous-1760034442835,2025-10-09 14:27:23,1,4,Edge
anonymous-1760024151182,2025-10-09 11:35:51,1,2,Chrome
anonymous-1760023680624,2025-10-09 11:28:00,1,2,Chrome
anonymous-1760022930218,2025-10-09 11:15:30,1,15,Chrome
anonymous-1760021177082,2025-10-09 10:46:17,1,3,Chrome
anonymous-1760016220712,2025-10-09 09:23:40,1,3,Chrome
anonymous-1759981172711,2025-10-08 23:39:32,1,3,Chrome
anonymous-1759978785995,2025-10-08 23:00:09,1,13,Chrome
anonymous-1759978593889,2025-10-08 22:56:33,1,2,Chrome
anonymous-1759978337052,2025-10-08 22:52:17,1,2,Chrome
anonymous-1759978010881,2025-10-08 22:49:21,1,13,Chrome
anonymous-1759977782345,2025-10-08 22:43:02,1,2,Chrome
anonymous-1759977692745,2025-10-08 22:41:32,1,2,Chrome
anonymous-1759977512813,2025-10-08 22:38:32,1,2,Chrome
anonymous-1759977270559,2025-10-08 22:34:30,1,2,Chrome
anonymous-1759977031526,2025-10-08 22:31:22,1,13,Chrome
anonymous-1759977033460,2025-10-08 22:30:33,1,4,Chrome
anonymous-1759976860581,2025-10-08 22:27:40,1,2,Chrome
anonymous-1759976847556,2025-10-08 22:27:28,1,3,Chrome
anonymous-1759976840310,2025-10-08 22:27:20,1,2,Chrome
anonymous-1759976822545,2025-10-08 22:27:03,1,3,Chrome
anonymous-1759976012407,2025-10-08 22:26:28,1,13,Chrome
anonymous-1759975336354,2025-10-08 22:02:16,1,3,Chrome
anonymous-1759975071951,2025-10-08 21:57:52,1,4,Chrome
anonymous-1759974741047,2025-10-08 21:52:21,1,3,Chrome
anonymous-1759974388753,2025-10-08 21:46:28,1,2,Chrome
anonymous-1759973816152,2025-10-08 21:36:56,1,3,Chrome
anonymous-1759973812807,2025-10-08 21:36:52,1,4,Chrome
anonymous-1759973811559,2025-10-08 21:36:51,1,3,Chrome
anonymous-1759971762469,2025-10-08 21:02:42,1,2,Chrome
anonymous-1759971640232,2025-10-08 21:01:50,1,14,Chrome
anonymous-1759971639855,2025-10-08 21:00:39,1,2,Chrome
anonymous-1759971089658,2025-10-08 20:52:44,1,12,Chrome
anonymous-1759969663165,2025-10-08 20:27:43,1,3,Chrome
anonymous-1759969660297,2025-10-08 20:27:40,1,2,Chrome
anonymous-1759969448816,2025-10-08 20:24:08,1,2,Chrome
anonymous-1759967845691,2025-10-08 19:57:25,1,3,Chrome
anonymous-1759939244691,2025-10-08 12:00:44,1,2,Safari
anonymous-1759938215542,2025-10-08 11:43:36,1,2,Chrome
anonymous-1759909594375,2025-10-08 03:46:35,1,3,Chrome
anonymous-1759909453785,2025-10-08 03:44:14,1,3,Chrome
anonymous-1759879418308,2025-10-07 19:23:38,1,2,Safari
anonymous-1759875407028,2025-10-07 18:16:47,1,2,Chrome
anonymous-1759875398042,2025-10-07 18:16:38,1,2,Chrome
anonymous-1759870254542,2025-10-07 16:50:55,1,3,Chrome
anonymous-1759866117634,2025-10-07 15:41:58,1,3,Chrome
anonymous-1759852052369,2025-10-07 11:47:33,1,3,Safari
anonymous-1759848574058,2025-10-07 10:49:34,1,2,Safari
anonymous-1759846775508,2025-10-07 10:19:35,1,2,Chrome
anonymous-1759802177357,2025-10-07 09:25:06,2,5,Safari
anonymous-1759843250633,2025-10-07 09:20:51,1,3,Chrome
anonymous-1759786255831,2025-10-06 17:30:56,1,3,Chrome
anonymous-1759784449408,2025-10-06 17:00:49,1,2,Chrome
anonymous-1759782126123,2025-10-06 16:22:06,1,2,Chrome
anonymous-1759781027558,2025-10-06 16:03:47,1,3,Chrome
anonymous-1759780872884,2025-10-06 16:01:13,1,3,Safari
20,2025-10-06 15:50:02,1,27,Safari
anonymous-1759780201351,2025-10-06 15:50:01,1,2,Safari
anonymous-1759780189625,2025-10-06 15:49:49,1,2,Safari
anonymous-1759780132078,2025-10-06 15:49:16,1,15,Safari
anonymous-1759772359993,2025-10-06 13:39:21,1,2,Safari
anonymous-1759759930434,2025-10-06 10:12:11,1,3,Safari
anonymous-1759759221197,2025-10-06 10:00:23,1,2,Chrome
55,2025-10-06 09:58:27,1,49,Chrome
anonymous-1759759096749,2025-10-06 09:58:18,1,2,Chrome
anonymous-1759759063496,2025-10-06 09:57:45,1,2,Chrome
anonymous-1759758972877,2025-10-06 09:57:06,1,16,Chrome
anonymous-1759727760209,2025-10-06 01:16:00,1,4,Chrome
anonymous-1759726981266,2025-10-06 01:03:01,1,2,Safari
anonymous-1759724620477,2025-10-06 00:23:40,1,2,Chrome
16,2025-10-06 00:11:08,2,18,Safari
anonymous-1759723860317,2025-10-06 00:11:01,1,2,Safari
anonymous-1759722317188,2025-10-05 23:45:17,1,3,Chrome
anonymous-1759721431410,2025-10-05 23:30:31,1,3,Chrome
anonymous-1759719730012,2025-10-05 23:02:10,1,2,Chrome
anonymous-1759719724807,2025-10-05 23:02:05,1,2,Chrome
anonymous-1759717342356,2025-10-05 22:22:22,1,2,Chrome
anonymous-1759715663131,2025-10-05 21:54:23,1,2,Safari
anonymous-1759715203648,2025-10-05 21:46:43,1,3,Chrome
anonymous-1759713097648,2025-10-05 21:11:37,1,3,Safari
anonymous-1759713047781,2025-10-05 21:10:47,1,14,Safari
anonymous-1759713041228,2025-10-05 21:10:41,1,3,Safari
anonymous-1759712909018,2025-10-05 21:08:29,1,3,Chrome
42,2025-10-05 20:52:16,3,28,Safari
anonymous-1759711811705,2025-10-05 20:50:11,1,13,Safari
anonymous-1759710282265,2025-10-05 20:24:42,1,3,Chrome
anonymous-1759710067240,2025-10-05 20:21:07,1,3,Chrome
anonymous-1759710013901,2025-10-05 20:20:14,1,15,Safari
anonymous-1759709756275,2025-10-05 20:15:56,1,2,Chrome
anonymous-1759709491971,2025-10-05 20:11:32,1,3,Chrome
anonymous-1759709384280,2025-10-05 20:09:44,1,2,Chrome
anonymous-1759708995315,2025-10-05 20:03:15,1,2,Chrome
anonymous-1759705710616,2025-10-05 19:08:30,1,15,Safari
anonymous-1759704240341,2025-10-05 18:44:00,1,2,Safari
anonymous-1759704082715,2025-10-05 18:42:00,1,13,Safari
51,2025-10-05 18:22:01,1,9,Safari
anonymous-1759702901158,2025-10-05 18:21:41,1,13,Safari
anonymous-1759702412663,2025-10-05 18:13:32,1,12,Chrome
anonymous-1759701627386,2025-10-05 18:00:27,1,14,Chrome
anonymous-1759701036235,2025-10-05 17:50:45,1,3,Safari
anonymous-1759700983647,2025-10-05 17:49:43,1,3,Chrome
anonymous-1759700911653,2025-10-05 17:49:43,1,115,Chrome
anonymous-1759700923588,2025-10-05 17:49:00,1,14,Chrome
anonymous-1759700823120,2025-10-05 17:47:03,1,2,Safari
anonymous-1759700756916,2025-10-05 17:46:21,1,15,Safari
anonymous-1759700747758,2025-10-05 17:45:48,1,3,Safari
anonymous-1759700561040,2025-10-05 17:42:41,1,3,Chrome
anonymous-1759700558244,2025-10-05 17:42:38,1,2,Chrome
anonymous-1759699742068,2025-10-05 17:29:02,1,3,Chrome
anonymous-1759699246509,2025-10-05 17:27:38,1,3,Chrome
anonymous-1759699231659,2025-10-05 17:20:32,1,2,Chrome
anonymous-1759699113257,2025-10-05 17:18:33,1,2,Chrome
anonymous-1759699091502,2025-10-05 17:18:11,1,3,Chrome
anonymous-1759699080379,2025-10-05 17:18:00,1,2,Chrome
anonymous-1759698974458,2025-10-05 17:16:14,1,2,Chrome
anonymous-1759698881933,2025-10-05 17:14:42,1,2,Chrome
anonymous-1759698879927,2025-10-05 17:14:40,1,2,Chrome
anonymous-1759698867685,2025-10-05 17:14:28,1,3,Chrome
anonymous-1759698862171,2025-10-05 17:14:22,1,2,Chrome
anonymous-1759698859975,2025-10-05 17:14:20,1,2,Chrome
anonymous-1759698842000,2025-10-05 17:14:02,1,3,Chrome
anonymous-1759698784280,2025-10-05 17:13:04,1,14,Chrome
anonymous-1759698529109,2025-10-05 17:13:02,1,3,Chrome
anonymous-1759698436999,2025-10-05 17:08:47,1,3,Chrome
anonymous-1759698440032,2025-10-05 17:07:20,1,3,Chrome
anonymous-1759698380922,2025-10-05 17:06:21,1,2,Chrome
anonymous-1759698307895,2025-10-05 17:05:08,1,2,Chrome
anonymous-1759698016677,2025-10-05 17:02:35,1,27,Chrome
anonymous-1759697968916,2025-10-05 16:59:28,1,3,Chrome
anonymous-1759697965715,2025-10-05 16:59:26,1,2,Chrome
anonymous-1759696901826,2025-10-05 16:46:30,1,27,Chrome
anonymous-1759696906094,2025-10-05 16:41:46,1,3,Chrome
anonymous-1759696782714,2025-10-05 16:39:43,1,2,Chrome
anonymous-1759696695370,2025-10-05 16:38:15,1,2,Chrome
anonymous-1759696308925,2025-10-05 16:31:48,1,3,Chrome
anonymous-1759696305839,2025-10-05 16:31:46,1,2,Chrome
anonymous-1759695397698,2025-10-05 16:16:38,1,2,Chrome
anonymous-1759695139846,2025-10-05 16:12:20,1,2,Chrome
anonymous-1759695131364,2025-10-05 16:12:12,1,2,Chrome
anonymous-1759694765891,2025-10-05 16:06:06,1,2,Chrome
anonymous-1759623812501,2025-10-04 20:23:32,1,2,Chrome
anonymous-1759623804016,2025-10-04 20:23:24,1,2,Chrome
anonymous-1759576393438,2025-10-04 07:13:13,1,3,Chrome
anonymous-1759512387685,2025-10-03 13:26:28,1,2,Chrome
anonymous-1759505160743,2025-10-03 11:26:00,1,2,Chrome
anonymous-1759462398633,2025-10-02 23:33:18,1,2,Chrome
anonymous-1759460236946,2025-10-02 22:57:17,1,2,Chrome
anonymous-1759451358722,2025-10-02 20:29:19,1,2,Safari
anonymous-1759429899390,2025-10-02 14:31:39,1,14,Safari
anonymous-1759429097715,2025-10-02 14:18:17,1,2,Chrome
anonymous-1759416007609,2025-10-02 10:40:08,1,2,Chrome
anonymous-1759413932154,2025-10-02 10:05:32,1,2,Chrome
anonymous-1759413073983,2025-10-02 09:51:14,1,2,Chrome
anonymous-1759367711589,2025-10-01 21:15:11,1,2,Safari
anonymous-1759361023343,2025-10-01 19:23:43,1,13,Chrome
anonymous-1759359061328,2025-10-01 18:51:01,1,15,Chrome
anonymous-1759353026904,2025-10-01 17:10:27,1,14,Chrome
anonymous-1759353019463,2025-10-01 17:10:21,1,2,Chrome
anonymous-1759350359809,2025-10-01 16:26:00,1,2,Chrome
anonymous-1759350349096,2025-10-01 16:25:49,1,5,Chrome
anonymous-1759350232578,2025-10-01 16:23:52,1,3,Safari
anonymous-1759350202723,2025-10-01 16:23:22,1,2,Chrome
48,2025-10-01 14:37:27,4,127,Chrome
anonymous-1759343845488,2025-10-01 14:37:25,1,2,Chrome
anonymous-1759335914445,2025-10-01 12:25:16,1,3,Chrome
anonymous-1759335688194,2025-10-01 12:21:28,1,2,Chrome
anonymous-1759335052903,2025-10-01 12:10:53,1,2,Chrome
anonymous-1759331038154,2025-10-01 11:03:58,1,2,Chrome
anonymous-1759331027136,2025-10-01 11:03:47,1,2,Chrome
anonymous-1759327402312,2025-10-01 10:03:22,1,2,Chrome
anonymous-1759327395410,2025-10-01 10:03:15,1,2,Chrome
anonymous-1759318862169,2025-10-01 07:41:02,1,3,Firefox
anonymous-1759285541119,2025-09-30 22:25:42,1,2,Chrome
anonymous-1759282689557,2025-09-30 21:38:09,1,5,Safari
anonymous-1759274030962,2025-09-30 19:13:52,1,2,Chrome
anonymous-1759208427204,2025-09-30 01:00:27,1,18,Safari
anonymous-1759196698581,2025-09-29 21:44:59,1,2,Safari
anonymous-1759191681314,2025-09-29 20:21:22,1,2,Safari
anonymous-1759189844466,2025-09-29 19:50:44,1,2,Chrome
anonymous-1759189551042,2025-09-29 19:45:51,1,2,Chrome
anonymous-1759189285841,2025-09-29 19:41:27,1,3,Chrome
anonymous-1759185036472,2025-09-29 18:30:36,1,2,Chrome
anonymous-1759183395750,2025-09-29 18:03:16,1,2,Chrome
anonymous-1759183174921,2025-09-29 17:59:35,1,14,Chrome
anonymous-1759182972704,2025-09-29 17:56:13,1,2,Safari
anonymous-1759179590779,2025-09-29 16:59:50,1,3,Chrome
anonymous-1759176248340,2025-09-29 16:04:08,1,2,Safari
anonymous-1759175867603,2025-09-29 15:57:47,1,15,Safari
anonymous-1759174754971,2025-09-29 15:39:15,1,3,Safari
anonymous-1759163448236,2025-09-29 12:30:48,1,2,Chrome
anonymous-1759163378381,2025-09-29 12:29:39,1,2,Chrome
anonymous-1759156773301,2025-09-29 10:39:33,1,2,Chrome
anonymous-1759154773352,2025-09-29 10:06:13,1,2,Chrome
anonymous-1759095644702,2025-09-28 17:40:45,1,3,Firefox
anonymous-1759069218284,2025-09-28 10:20:18,1,3,Safari
anonymous-1759022002253,2025-09-27 21:13:22,1,2,Chrome
anonymous-1759020185493,2025-09-27 20:43:06,1,2,Chrome
anonymous-1759011981325,2025-09-27 18:26:21,1,15,Chrome
anonymous-1759011960151,2025-09-27 18:26:00,1,3,Chrome
anonymous-1759009168660,2025-09-27 17:39:28,1,2,Chrome
anonymous-1759009034508,2025-09-27 17:37:14,1,2,Chrome
anonymous-1758992932218,2025-09-27 13:08:53,1,2,Safari
anonymous-1758925951778,2025-09-26 18:32:32,1,2,Chrome
anonymous-1758925047429,2025-09-26 18:17:27,1,3,Chrome
anonymous-1758925023271,2025-09-26 18:17:04,1,3,Chrome
anonymous-1758924109853,2025-09-26 18:01:50,1,3,Chrome
anonymous-1758923922090,2025-09-26 17:58:42,1,2,Chrome
anonymous-1758923751465,2025-09-26 17:55:51,1,2,Chrome
anonymous-1758922762706,2025-09-26 17:39:23,1,15,Chrome
anonymous-1758918571263,2025-09-26 16:29:31,1,2,Chrome
anonymous-1758918261095,2025-09-26 16:24:21,1,3,Chrome
anonymous-1758917944967,2025-09-26 16:19:05,1,2,Chrome
anonymous-1758917651282,2025-09-26 16:14:11,1,2,Chrome
anonymous-1758917405959,2025-09-26 16:11:04,1,14,Chrome
anonymous-1758917339186,2025-09-26 16:08:59,1,2,Chrome
anonymous-1758917299659,2025-09-26 16:08:19,1,2,Chrome
anonymous-1758917285678,2025-09-26 16:08:05,1,2,Chrome
anonymous-1758917235006,2025-09-26 16:07:15,1,2,Chrome
anonymous-1758917211145,2025-09-26 16:06:51,1,2,Chrome
anonymous-1758916735094,2025-09-26 15:58:55,1,2,Chrome
anonymous-1758916672173,2025-09-26 15:57:52,1,2,Chrome
anonymous-1758916606674,2025-09-26 15:56:46,1,3,Chrome
anonymous-1758914667012,2025-09-26 15:24:27,1,2,Chrome
anonymous-1758914601910,2025-09-26 15:23:22,1,3,Chrome
anonymous-1758914384478,2025-09-26 15:19:45,1,3,Chrome
anonymous-1758912057350,2025-09-26 14:40:57,1,2,Chrome
anonymous-1758912054811,2025-09-26 14:40:54,1,3,Chrome
anonymous-1758912051059,2025-09-26 14:40:51,1,3,Chrome
